<?xml version="1.0" encoding="UTF-8"?>
<metadata xml:lang="en"><Esri><ModDate>20180726</ModDate><ModTime>14313600</ModTime><ArcGISFormat>1.0</ArcGISFormat><ArcGISProfile>FGDC</ArcGISProfile><CreaDate>20180726</CreaDate><CreaTime>14302900</CreaTime><ArcGISstyle>FGDC CSDGM Metadata</ArcGISstyle><SyncOnce>FALSE</SyncOnce><DataProperties><itemProps><itemLocation><linkage Sync="TRUE">file://\\IFW4FO-PCB-LTLA\C$\Users\lambrose\Documents\MyStuff\Projects\FY2018\NoSpray\NoSprayZones_PCFO.shp</linkage><protocol Sync="TRUE">Local Area Network</protocol></itemLocation><itemName Sync="TRUE">NoSprayZones_PCFO</itemName><nativeExtBox><westBL Sync="TRUE">-87.553455</westBL><eastBL Sync="TRUE">-82.179769</eastBL><southBL Sync="TRUE">29.278103</southBL><northBL Sync="TRUE">33.424785</northBL><exTypeCode Sync="TRUE">1</exTypeCode></nativeExtBox><imsContentType Sync="TRUE">002</imsContentType><itemSize Sync="TRUE">9.257</itemSize></itemProps><coordRef><type Sync="TRUE">Geographic</type><geogcsn Sync="TRUE">GCS_WGS_1984</geogcsn><csUnits Sync="TRUE">Angular Unit: Degree (0.017453)</csUnits><peXml Sync="TRUE">&lt;GeographicCoordinateSystem xsi:type='typens:GeographicCoordinateSystem' xmlns:xsi='http://www.w3.org/2001/XMLSchema-instance' xmlns:xs='http://www.w3.org/2001/XMLSchema' xmlns:typens='http://www.esri.com/schemas/ArcGIS/10.5'&gt;&lt;WKT&gt;GEOGCS[&amp;quot;GCS_WGS_1984&amp;quot;,DATUM[&amp;quot;D_WGS_1984&amp;quot;,SPHEROID[&amp;quot;WGS_1984&amp;quot;,6378137.0,298.257223563]],PRIMEM[&amp;quot;Greenwich&amp;quot;,0.0],UNIT[&amp;quot;Degree&amp;quot;,0.0174532925199433],AUTHORITY[&amp;quot;EPSG&amp;quot;,4326]]&lt;/WKT&gt;&lt;XOrigin&gt;-400&lt;/XOrigin&gt;&lt;YOrigin&gt;-400&lt;/YOrigin&gt;&lt;XYScale&gt;11258999068426.238&lt;/XYScale&gt;&lt;ZOrigin&gt;-100000&lt;/ZOrigin&gt;&lt;ZScale&gt;10000&lt;/ZScale&gt;&lt;MOrigin&gt;-100000&lt;/MOrigin&gt;&lt;MScale&gt;10000&lt;/MScale&gt;&lt;XYTolerance&gt;8.983152841195215e-009&lt;/XYTolerance&gt;&lt;ZTolerance&gt;0.001&lt;/ZTolerance&gt;&lt;MTolerance&gt;0.001&lt;/MTolerance&gt;&lt;HighPrecision&gt;true&lt;/HighPrecision&gt;&lt;LeftLongitude&gt;-180&lt;/LeftLongitude&gt;&lt;WKID&gt;4326&lt;/WKID&gt;&lt;LatestWKID&gt;4326&lt;/LatestWKID&gt;&lt;/GeographicCoordinateSystem&gt;</peXml></coordRef><lineage><Process ToolSource="c:\program files\arcgis\pro\Resources\ArcToolbox\toolboxes\Data Management Tools.tbx\Merge" Date="20180706" Time="094345" Name="" export="">Merge 'CH\Critical Habitat for 8 Mussels (line), 2012';'CH\Critical Habitat for 7 Mussels, 2007';'CH\Critical Habitat for Gulf Sturgeon, Riverine' C:\Users\lambrose\Documents\MyStuff\Projects\FY2018\NoSpray\NoSpray2018.gdb\NoSpray_LinCh "SINGLMULTI "SINGLMULTI" true true false 10 Text 0 0,First,#,CH\Critical Habitat for 8 Mussels (line), 2012,SINGLMULTI,0,10,CH\Critical Habitat for 7 Mussels, 2007,SINGLMULTI,0,10,CH\Critical Habitat for Gulf Sturgeon, Riverine,SINGLMULTI,0,10;COMNAME "COMNAME" true true false 200 Text 0 0,First,#,CH\Critical Habitat for 8 Mussels (line), 2012,COMNAME,0,200,CH\Critical Habitat for 7 Mussels, 2007,COMNAME,0,200,CH\Critical Habitat for Gulf Sturgeon, Riverine,COMNAME,0,200;SCINAME "SCINAME" true true false 200 Text 0 0,First,#,CH\Critical Habitat for 8 Mussels (line), 2012,SCINAME,0,200,CH\Critical Habitat for 7 Mussels, 2007,SCINAME,0,200,CH\Critical Habitat for Gulf Sturgeon, Riverine,SCINAME,0,200;SPCODE "SPCODE" true true false 50 Text 0 0,First,#,CH\Critical Habitat for 8 Mussels (line), 2012,SPCODE,0,50,CH\Critical Habitat for 7 Mussels, 2007,SPCODE,0,50,CH\Critical Habitat for Gulf Sturgeon, Riverine,SPCODE,0,4;VIPCODE "VIPCODE" true true false 50 Text 0 0,First,#,CH\Critical Habitat for 8 Mussels (line), 2012,VIPCODE,0,50,CH\Critical Habitat for 7 Mussels, 2007,VIPCODE,0,3,CH\Critical Habitat for Gulf Sturgeon, Riverine,VIPCODE,0,3;UNIT "UNIT" true true false 20 Text 0 0,First,#,CH\Critical Habitat for 8 Mussels (line), 2012,UNIT,0,20,CH\Critical Habitat for 7 Mussels, 2007,UNIT,0,20,CH\Critical Habitat for Gulf Sturgeon, Riverine,UNIT,0,20;SUBUNIT "SUBUNIT" true true false 20 Text 0 0,First,#,CH\Critical Habitat for 8 Mussels (line), 2012,SUBUNIT,0,20,CH\Critical Habitat for 7 Mussels, 2007,SUBUNIT,0,20,CH\Critical Habitat for Gulf Sturgeon, Riverine,SUBUNIT,0,20;UNITNAME "UNITNAME" true true false 50 Text 0 0,First,#,CH\Critical Habitat for 8 Mussels (line), 2012,UNITNAME,0,50,CH\Critical Habitat for 7 Mussels, 2007,UNITNAME,0,50,CH\Critical Habitat for Gulf Sturgeon, Riverine,UNITNAME,0,50;SUBUNITNAM "SUBUNITNAM" true true false 50 Text 0 0,First,#,CH\Critical Habitat for 8 Mussels (line), 2012,SUBUNITNAM,0,50,CH\Critical Habitat for 7 Mussels, 2007,SUBUNITNAM,0,50;STATUS "STATUS" true true false 10 Text 0 0,First,#,CH\Critical Habitat for 8 Mussels (line), 2012,STATUS,0,10,CH\Critical Habitat for 7 Mussels, 2007,STATUS,0,20,CH\Critical Habitat for Gulf Sturgeon, Riverine,STATUS,0,20;LEADOFFICE "LEADOFFICE" true true false 10 Text 0 0,First,#,CH\Critical Habitat for 8 Mussels (line), 2012,LEADOFFICE,0,10,CH\Critical Habitat for 7 Mussels, 2007,LEADOFFICE,0,10,CH\Critical Habitat for Gulf Sturgeon, Riverine,LEADOFFICE,0,10;COOPOFFICE "COOPOFFICE" true true false 25 Text 0 0,First,#,CH\Critical Habitat for 8 Mussels (line), 2012,COOPOFFICE,0,25,CH\Critical Habitat for 7 Mussels, 2007,COOPOFFICE,0,10,CH\Critical Habitat for Gulf Sturgeon, Riverine,COOPOFFICE,0,10;COOPOFMORE "COOPOFMORE" true true false 225 Text 0 0,First,#,CH\Critical Habitat for 8 Mussels (line), 2012,COOPOFMORE,0,225,CH\Critical Habitat for 7 Mussels, 2007,COOPOFMORE,0,254,CH\Critical Habitat for Gulf Sturgeon, Riverine,COOPOFMORE,0,254;FEDREG "FEDREG" true true false 10 Text 0 0,First,#,CH\Critical Habitat for 8 Mussels (line), 2012,FEDREG,0,10,CH\Critical Habitat for 7 Mussels, 2007,FEDREG,0,10,CH\Critical Habitat for Gulf Sturgeon, Riverine,FEDREG,0,10;PUBDATE "PUBDATE" true true false 8 Text 0 0,First,#,CH\Critical Habitat for 8 Mussels (line), 2012,PUBDATE,0,8,CH\Critical Habitat for 7 Mussels, 2007,PUBDATE,0,8,CH\Critical Habitat for Gulf Sturgeon, Riverine,PUBDATE,0,8;EFFECTDATE "EFFECTDATE" true true false 8 Text 0 0,First,#,CH\Critical Habitat for 8 Mussels (line), 2012,EFFECTDATE,0,8,CH\Critical Habitat for 7 Mussels, 2007,EFFECTDATE,0,8,CH\Critical Habitat for Gulf Sturgeon, Riverine,EFFECTDATE,0,8;VACATEDATE "VACATEDATE" true true false 8 Text 0 0,First,#,CH\Critical Habitat for 8 Mussels (line), 2012,VACATEDATE,0,8,CH\Critical Habitat for 7 Mussels, 2007,VACATEDATE,0,8,CH\Critical Habitat for Gulf Sturgeon, Riverine,VACATEDATE,0,8;ACCURACY "ACCURACY" true true false 50 Text 0 0,First,#,CH\Critical Habitat for 8 Mussels (line), 2012,ACCURACY,0,50,CH\Critical Habitat for 7 Mussels, 2007,ACCURACY,0,50,CH\Critical Habitat for Gulf Sturgeon, Riverine,ACCURACY,0,50;Km "Km" true true false 8 Double 0 0,First,#,CH\Critical Habitat for 8 Mussels (line), 2012,Km,-1,-1;Miles "Miles" true true false 8 Double 0 0,First,#,CH\Critical Habitat for 8 Mussels (line), 2012,Miles,-1,-1;County "County" true true false 100 Text 0 0,First,#,CH\Critical Habitat for 8 Mussels (line), 2012,County,0,100;State "State" true true false 5 Text 0 0,First,#,CH\Critical Habitat for 8 Mussels (line), 2012,State,0,5;UStrmLongX "UStrmLongX" true true false 8 Double 0 0,First,#,CH\Critical Habitat for 8 Mussels (line), 2012,UStrmLongX,-1,-1;UStrmLatY "UStrmLatY" true true false 8 Double 0 0,First,#,CH\Critical Habitat for 8 Mussels (line), 2012,UStrmLatY,-1,-1;DStrmLongX "DStrmLongX" true true false 8 Double 0 0,First,#,CH\Critical Habitat for 8 Mussels (line), 2012,DStrmLongX,-1,-1;DStrmLatY "DStrmLatY" true true false 8 Double 0 0,First,#,CH\Critical Habitat for 8 Mussels (line), 2012,DStrmLatY,-1,-1;Shape_Length "Shape_Length" false true true 8 Double 0 0,First,#,CH\Critical Habitat for 8 Mussels (line), 2012,Shape_Length,-1,-1,CH\Critical Habitat for 7 Mussels, 2007,Shape_Length,-1,-1,CH\Critical Habitat for Gulf Sturgeon, Riverine,Shape_Length,-1,-1;BASIN "BASIN" true true false 100 Text 0 0,First,#,CH\Critical Habitat for 7 Mussels, 2007,BASIN,0,100;GNIS_NAME "GNIS_NAME" true true false 99 Text 0 0,First,#,CH\Critical Habitat for 7 Mussels, 2007,GNIS_NAME,0,99;LGTH_MILES "LGTH_MILES" true true false 8 Double 0 0,First,#,CH\Critical Habitat for 7 Mussels, 2007,LGTH_MILES,-1,-1;LNGTH_KM "LNGTH_KM" true true false 8 Double 0 0,First,#,CH\Critical Habitat for 7 Mussels, 2007,LNGTH_KM,-1,-1;SOURCETHM "SOURCETHM" true true false 16 Text 0 0,First,#,CH\Critical Habitat for 7 Mussels, 2007,SOURCETHM,0,16;SUBNITNAM "SUBNITNAM" true true false 50 Text 0 0,First,#,CH\Critical Habitat for Gulf Sturgeon, Riverine,SUBNITNAM,0,50;LENGTH_MET "LENGTH_MET" true true false 8 Double 0 0,First,#,CH\Critical Habitat for Gulf Sturgeon, Riverine,LENGTH_MET,-1,-1;RIVER_MILE "RIVER_MILE" true true false 8 Double 0 0,First,#,CH\Critical Habitat for Gulf Sturgeon, Riverine,RIVER_MILE,-1,-1;HUC_CODE "HUC_CODE" true true false 16 Text 0 0,First,#,CH\Critical Habitat for Gulf Sturgeon, Riverine,HUC_CODE,0,16"</Process><Process ToolSource="c:\program files\arcgis\pro\Resources\ArcToolbox\toolboxes\Analysis Tools.tbx\Buffer" Date="20180706" Time="094914" Name="" export="">Buffer NoSpray_LinCh C:\Users\lambrose\Documents\MyStuff\Projects\FY2018\NoSpray\NoSpray2018.gdb\NoSpray_LinBuf "500 Feet" Full Round "No Dissolve" # Planar</Process><Process ToolSource="c:\program files\arcgis\pro\Resources\ArcToolbox\toolboxes\Data Management Tools.tbx\Merge" Date="20180706" Time="095220" Name="" export="">Merge NoSpray_LinBuf;NoSpray_2018d C:\Users\lambrose\Documents\MyStuff\Projects\FY2018\NoSpray\NoSpray2018.gdb\NoSpray_LinBuf_Merge "SINGLMULTI "SINGLMULTI" true true false 10 Text 0 0,First,#,NoSpray_LinBuf,SINGLMULTI,0,10,NoSpray_2018d,SINGLMULTI,0,10;COMNAME "COMNAME" true true false 200 Text 0 0,First,#,NoSpray_LinBuf,COMNAME,0,200,NoSpray_2018d,COMNAME,0,200;SCINAME "SCINAME" true true false 200 Text 0 0,First,#,NoSpray_LinBuf,SCINAME,0,200,NoSpray_2018d,SCINAME,0,200;SPCODE "SPCODE" true true false 50 Text 0 0,First,#,NoSpray_LinBuf,SPCODE,0,50,NoSpray_2018d,SPCODE,0,4;VIPCODE "VIPCODE" true true false 50 Text 0 0,First,#,NoSpray_LinBuf,VIPCODE,0,50,NoSpray_2018d,VIPCODE,0,3;UNIT "UNIT" true true false 20 Text 0 0,First,#,NoSpray_LinBuf,UNIT,0,20,NoSpray_2018d,UNIT,0,20;SUBUNIT "SUBUNIT" true true false 20 Text 0 0,First,#,NoSpray_LinBuf,SUBUNIT,0,20,NoSpray_2018d,SUBUNIT,0,20;UNITNAME "UNITNAME" true true false 50 Text 0 0,First,#,NoSpray_LinBuf,UNITNAME,0,50,NoSpray_2018d,UNITNAME,0,50;SUBUNITNAM "SUBUNITNAM" true true false 50 Text 0 0,First,#,NoSpray_LinBuf,SUBUNITNAM,0,50,NoSpray_2018d,SUBUNITNAM,0,50;STATUS "STATUS" true true false 10 Text 0 0,First,#,NoSpray_LinBuf,STATUS,0,10,NoSpray_2018d,STATUS,0,8;LEADOFFICE "LEADOFFICE" true true false 10 Text 0 0,First,#,NoSpray_LinBuf,LEADOFFICE,0,10,NoSpray_2018d,LEADOFFICE,0,10;COOPOFFICE "COOPOFFICE" true true false 25 Text 0 0,First,#,NoSpray_LinBuf,COOPOFFICE,0,25,NoSpray_2018d,COOPOFFICE,0,10;COOPOFMORE "COOPOFMORE" true true false 225 Text 0 0,First,#,NoSpray_LinBuf,COOPOFMORE,0,225,NoSpray_2018d,COOPOFMORE,0,254;FEDREG "FEDREG" true true false 10 Text 0 0,First,#,NoSpray_LinBuf,FEDREG,0,10,NoSpray_2018d,FEDREG,0,10;PUBDATE "PUBDATE" true true false 8 Text 0 0,First,#,NoSpray_LinBuf,PUBDATE,0,8,NoSpray_2018d,PUBDATE,0,8;EFFECTDATE "EFFECTDATE" true true false 8 Text 0 0,First,#,NoSpray_LinBuf,EFFECTDATE,0,8,NoSpray_2018d,EFFECTDATE,0,8;VACATEDATE "VACATEDATE" true true false 8 Text 0 0,First,#,NoSpray_LinBuf,VACATEDATE,0,8,NoSpray_2018d,VACATEDATE,0,8;ACCURACY "ACCURACY" true true false 50 Text 0 0,First,#,NoSpray_LinBuf,ACCURACY,0,50,NoSpray_2018d,ACCURACY,0,50;Km "Km" true true false 8 Double 0 0,First,#,NoSpray_LinBuf,Km,-1,-1;Miles "Miles" true true false 8 Double 0 0,First,#,NoSpray_LinBuf,Miles,-1,-1;County "County" true true false 100 Text 0 0,First,#,NoSpray_LinBuf,County,0,100,NoSpray_2018d,County,0,10;State "State" true true false 5 Text 0 0,First,#,NoSpray_LinBuf,State,0,5,NoSpray_2018d,State,0,2;UStrmLongX "UStrmLongX" true true false 8 Double 0 0,First,#,NoSpray_LinBuf,UStrmLongX,-1,-1;UStrmLatY "UStrmLatY" true true false 8 Double 0 0,First,#,NoSpray_LinBuf,UStrmLatY,-1,-1;DStrmLongX "DStrmLongX" true true false 8 Double 0 0,First,#,NoSpray_LinBuf,DStrmLongX,-1,-1;DStrmLatY "DStrmLatY" true true false 8 Double 0 0,First,#,NoSpray_LinBuf,DStrmLatY,-1,-1;BASIN "BASIN" true true false 100 Text 0 0,First,#,NoSpray_LinBuf,BASIN,0,100;GNIS_NAME "GNIS_NAME" true true false 99 Text 0 0,First,#,NoSpray_LinBuf,GNIS_NAME,0,99;LGTH_MILES "LGTH_MILES" true true false 8 Double 0 0,First,#,NoSpray_LinBuf,LGTH_MILES,-1,-1;LNGTH_KM "LNGTH_KM" true true false 8 Double 0 0,First,#,NoSpray_LinBuf,LNGTH_KM,-1,-1;SOURCETHM "SOURCETHM" true true false 16 Text 0 0,First,#,NoSpray_LinBuf,SOURCETHM,0,16;SUBNITNAM "SUBNITNAM" true true false 50 Text 0 0,First,#,NoSpray_LinBuf,SUBNITNAM,0,50;LENGTH_MET "LENGTH_MET" true true false 8 Double 0 0,First,#,NoSpray_LinBuf,LENGTH_MET,-1,-1;RIVER_MILE "RIVER_MILE" true true false 8 Double 0 0,First,#,NoSpray_LinBuf,RIVER_MILE,-1,-1;HUC_CODE "HUC_CODE" true true false 16 Text 0 0,First,#,NoSpray_LinBuf,HUC_CODE,0,16;BUFF_DIST "BUFF_DIST" true true false 8 Double 0 0,First,#,NoSpray_LinBuf,BUFF_DIST,-1,-1;ORIG_FID "ORIG_FID" true true false 4 Long 0 0,First,#,NoSpray_LinBuf,ORIG_FID,-1,-1;Shape_Length "Shape_Length" false true true 8 Double 0 0,First,#,NoSpray_LinBuf,Shape_Length,-1,-1,NoSpray_2018d,Shape_Length,-1,-1;Shape_Area "Shape_Area" false true true 8 Double 0 0,First,#,NoSpray_LinBuf,Shape_Area,-1,-1,NoSpray_2018d,Shape_Area,-1,-1;Acres "Acres" true true false 8 Double 0 0,First,#,NoSpray_2018d,Acres,-1,-1;HECTARES "HECTARES" true true false 8 Double 0 0,First,#,NoSpray_2018d,HECTARES,-1,-1;FR_YR "FR_YR" true true false 2 Short 0 0,First,#,NoSpray_2018d,FR_YR,-1,-1;D_STATUS "D_STATUS" true true false 50 Text 0 0,First,#,NoSpray_2018d,D_STATUS,0,50;SPP_CODE "SPP_CODE" true true false 5 Text 0 0,First,#,NoSpray_2018d,SPP_CODE,0,5"</Process><Process ToolSource="c:\program files\arcgis\pro\Resources\ArcToolbox\toolboxes\Data Management Tools.tbx\Merge" Date="20180706" Time="095824" Name="" export="">Merge NoSpray_LinBuf_Merge;SuwMocHabBuf C:\Users\lambrose\Documents\MyStuff\Projects\FY2018\NoSpray\NoSpray2018.gdb\NoSpray_2018E "SINGLMULTI "SINGLMULTI" true true false 10 Text 0 0,First,#,NoSpray_LinBuf_Merge,SINGLMULTI,0,10;COMNAME "COMNAME" true true false 200 Text 0 0,First,#,NoSpray_LinBuf_Merge,COMNAME,0,200,SuwMocHabBuf,COMNAME,0,200;SCINAME "SCINAME" true true false 200 Text 0 0,First,#,NoSpray_LinBuf_Merge,SCINAME,0,200,SuwMocHabBuf,SCINAME,0,200;SPCODE "SPCODE" true true false 50 Text 0 0,First,#,NoSpray_LinBuf_Merge,SPCODE,0,50;VIPCODE "VIPCODE" true true false 50 Text 0 0,First,#,NoSpray_LinBuf_Merge,VIPCODE,0,50;UNIT "UNIT" true true false 20 Text 0 0,First,#,NoSpray_LinBuf_Merge,UNIT,0,20;SUBUNIT "SUBUNIT" true true false 20 Text 0 0,First,#,NoSpray_LinBuf_Merge,SUBUNIT,0,20;UNITNAME "UNITNAME" true true false 50 Text 0 0,First,#,NoSpray_LinBuf_Merge,UNITNAME,0,50;SUBUNITNAM "SUBUNITNAM" true true false 50 Text 0 0,First,#,NoSpray_LinBuf_Merge,SUBUNITNAM,0,50;STATUS "STATUS" true true false 10 Text 0 0,First,#,NoSpray_LinBuf_Merge,STATUS,0,10;LEADOFFICE "LEADOFFICE" true true false 10 Text 0 0,First,#,NoSpray_LinBuf_Merge,LEADOFFICE,0,10;COOPOFFICE "COOPOFFICE" true true false 25 Text 0 0,First,#,NoSpray_LinBuf_Merge,COOPOFFICE,0,25;COOPOFMORE "COOPOFMORE" true true false 225 Text 0 0,First,#,NoSpray_LinBuf_Merge,COOPOFMORE,0,225;FEDREG "FEDREG" true true false 10 Text 0 0,First,#,NoSpray_LinBuf_Merge,FEDREG,0,10;PUBDATE "PUBDATE" true true false 8 Text 0 0,First,#,NoSpray_LinBuf_Merge,PUBDATE,0,8;EFFECTDATE "EFFECTDATE" true true false 8 Text 0 0,First,#,NoSpray_LinBuf_Merge,EFFECTDATE,0,8;VACATEDATE "VACATEDATE" true true false 8 Text 0 0,First,#,NoSpray_LinBuf_Merge,VACATEDATE,0,8;ACCURACY "ACCURACY" true true false 50 Text 0 0,First,#,NoSpray_LinBuf_Merge,ACCURACY,0,50;Km "Km" true true false 8 Double 0 0,First,#,NoSpray_LinBuf_Merge,Km,-1,-1,SuwMocHabBuf,KM,-1,-1;Miles "Miles" true true false 8 Double 0 0,First,#,NoSpray_LinBuf_Merge,Miles,-1,-1;County "County" true true false 100 Text 0 0,First,#,NoSpray_LinBuf_Merge,County,0,100;State "State" true true false 5 Text 0 0,First,#,NoSpray_LinBuf_Merge,State,0,5;UStrmLongX "UStrmLongX" true true false 8 Double 0 0,First,#,NoSpray_LinBuf_Merge,UStrmLongX,-1,-1;UStrmLatY "UStrmLatY" true true false 8 Double 0 0,First,#,NoSpray_LinBuf_Merge,UStrmLatY,-1,-1;DStrmLongX "DStrmLongX" true true false 8 Double 0 0,First,#,NoSpray_LinBuf_Merge,DStrmLongX,-1,-1;DStrmLatY "DStrmLatY" true true false 8 Double 0 0,First,#,NoSpray_LinBuf_Merge,DStrmLatY,-1,-1;BASIN "BASIN" true true false 100 Text 0 0,First,#,NoSpray_LinBuf_Merge,BASIN,0,100;GNIS_NAME "GNIS_NAME" true true false 99 Text 0 0,First,#,NoSpray_LinBuf_Merge,GNIS_NAME,0,99;LGTH_MILES "LGTH_MILES" true true false 8 Double 0 0,First,#,NoSpray_LinBuf_Merge,LGTH_MILES,-1,-1;LNGTH_KM "LNGTH_KM" true true false 8 Double 0 0,First,#,NoSpray_LinBuf_Merge,LNGTH_KM,-1,-1;SOURCETHM "SOURCETHM" true true false 16 Text 0 0,First,#,NoSpray_LinBuf_Merge,SOURCETHM,0,16;SUBNITNAM "SUBNITNAM" true true false 50 Text 0 0,First,#,NoSpray_LinBuf_Merge,SUBNITNAM,0,50;LENGTH_MET "LENGTH_MET" true true false 8 Double 0 0,First,#,NoSpray_LinBuf_Merge,LENGTH_MET,-1,-1;RIVER_MILE "RIVER_MILE" true true false 8 Double 0 0,First,#,NoSpray_LinBuf_Merge,RIVER_MILE,-1,-1;HUC_CODE "HUC_CODE" true true false 16 Text 0 0,First,#,NoSpray_LinBuf_Merge,HUC_CODE,0,16;BUFF_DIST "BUFF_DIST" true true false 8 Double 0 0,First,#,NoSpray_LinBuf_Merge,BUFF_DIST,-1,-1,SuwMocHabBuf,BUFF_DIST,-1,-1;ORIG_FID "ORIG_FID" true true false 4 Long 0 0,First,#,NoSpray_LinBuf_Merge,ORIG_FID,-1,-1,SuwMocHabBuf,ORIG_FID,-1,-1;Acres "Acres" true true false 8 Double 0 0,First,#,NoSpray_LinBuf_Merge,Acres,-1,-1;HECTARES "HECTARES" true true false 8 Double 0 0,First,#,NoSpray_LinBuf_Merge,HECTARES,-1,-1;FR_YR "FR_YR" true true false 2 Short 0 0,First,#,NoSpray_LinBuf_Merge,FR_YR,-1,-1;D_STATUS "D_STATUS" true true false 50 Text 0 0,First,#,NoSpray_LinBuf_Merge,D_STATUS,0,50;SPP_CODE "SPP_CODE" true true false 5 Text 0 0,First,#,NoSpray_LinBuf_Merge,SPP_CODE,0,5;Shape_Length "Shape_Length" false true true 8 Double 0 0,First,#,NoSpray_LinBuf_Merge,Shape_Length,-1,-1,SuwMocHabBuf,Shape_Length,-1,-1;Shape_Area "Shape_Area" false true true 8 Double 0 0,First,#,NoSpray_LinBuf_Merge,Shape_Area,-1,-1,SuwMocHabBuf,Shape_Area,-1,-1;OBJECTID "OBJECTID" true true false 4 Long 0 0,First,#,SuwMocHabBuf,OBJECTID,-1,-1;MI "MI" true true false 4 Float 0 0,First,#,SuwMocHabBuf,MI,-1,-1"</Process><Process ToolSource="c:\program files\arcgis\pro\Resources\ArcToolbox\toolboxes\Data Management Tools.tbx\Merge" Date="20180706" Time="113851" Name="" export="">Merge NoSpray_2018E;'(FEMA) No Spray Zones - PCFO' C:\Users\lambrose\Documents\MyStuff\Projects\FY2018\NoSpray\NoSpray2018.gdb\NoSpray_2018F "SINGLMULTI "SINGLMULTI" true true false 10 Text 0 0,First,#,NoSpray_2018E,SINGLMULTI,0,10;COMNAME "COMNAME" true true false 200 Text 0 0,First,#,NoSpray_2018E,COMNAME,0,200,(FEMA),No Spray Zones - PCFO,0,200;SCINAME "SCINAME" true true false 200 Text 0 0,First,#,NoSpray_2018E,SCINAME,0,200;SPCODE "SPCODE" true true false 50 Text 0 0,First,#,NoSpray_2018E,SPCODE,0,50;VIPCODE "VIPCODE" true true false 50 Text 0 0,First,#,NoSpray_2018E,VIPCODE,0,50;UNIT "UNIT" true true false 20 Text 0 0,First,#,NoSpray_2018E,UNIT,0,20;SUBUNIT "SUBUNIT" true true false 20 Text 0 0,First,#,NoSpray_2018E,SUBUNIT,0,20;UNITNAME "UNITNAME" true true false 50 Text 0 0,First,#,NoSpray_2018E,UNITNAME,0,50;SUBUNITNAM "SUBUNITNAM" true true false 50 Text 0 0,First,#,NoSpray_2018E,SUBUNITNAM,0,50;STATUS "STATUS" true true false 10 Text 0 0,First,#,NoSpray_2018E,STATUS,0,10;LEADOFFICE "LEADOFFICE" true true false 10 Text 0 0,First,#,NoSpray_2018E,LEADOFFICE,0,10;COOPOFFICE "COOPOFFICE" true true false 25 Text 0 0,First,#,NoSpray_2018E,COOPOFFICE,0,25;COOPOFMORE "COOPOFMORE" true true false 225 Text 0 0,First,#,NoSpray_2018E,COOPOFMORE,0,225;FEDREG "FEDREG" true true false 10 Text 0 0,First,#,NoSpray_2018E,FEDREG,0,10;PUBDATE "PUBDATE" true true false 8 Text 0 0,First,#,NoSpray_2018E,PUBDATE,0,8;EFFECTDATE "EFFECTDATE" true true false 8 Text 0 0,First,#,NoSpray_2018E,EFFECTDATE,0,8;VACATEDATE "VACATEDATE" true true false 8 Text 0 0,First,#,NoSpray_2018E,VACATEDATE,0,8;ACCURACY "ACCURACY" true true false 50 Text 0 0,First,#,NoSpray_2018E,ACCURACY,0,50;Km "Km" true true false 8 Double 0 0,First,#,NoSpray_2018E,Km,-1,-1;Miles "Miles" true true false 8 Double 0 0,First,#,NoSpray_2018E,Miles,-1,-1;County "County" true true false 100 Text 0 0,First,#,NoSpray_2018E,County,0,100;State "State" true true false 5 Text 0 0,First,#,NoSpray_2018E,State,0,5;UStrmLongX "UStrmLongX" true true false 8 Double 0 0,First,#,NoSpray_2018E,UStrmLongX,-1,-1;UStrmLatY "UStrmLatY" true true false 8 Double 0 0,First,#,NoSpray_2018E,UStrmLatY,-1,-1;DStrmLongX "DStrmLongX" true true false 8 Double 0 0,First,#,NoSpray_2018E,DStrmLongX,-1,-1;DStrmLatY "DStrmLatY" true true false 8 Double 0 0,First,#,NoSpray_2018E,DStrmLatY,-1,-1;BASIN "BASIN" true true false 100 Text 0 0,First,#,NoSpray_2018E,BASIN,0,100;GNIS_NAME "GNIS_NAME" true true false 99 Text 0 0,First,#,NoSpray_2018E,GNIS_NAME,0,99;LGTH_MILES "LGTH_MILES" true true false 8 Double 0 0,First,#,NoSpray_2018E,LGTH_MILES,-1,-1;LNGTH_KM "LNGTH_KM" true true false 8 Double 0 0,First,#,NoSpray_2018E,LNGTH_KM,-1,-1;SOURCETHM "SOURCETHM" true true false 16 Text 0 0,First,#,NoSpray_2018E,SOURCETHM,0,16;SUBNITNAM "SUBNITNAM" true true false 50 Text 0 0,First,#,NoSpray_2018E,SUBNITNAM,0,50;LENGTH_MET "LENGTH_MET" true true false 8 Double 0 0,First,#,NoSpray_2018E,LENGTH_MET,-1,-1;RIVER_MILE "RIVER_MILE" true true false 8 Double 0 0,First,#,NoSpray_2018E,RIVER_MILE,-1,-1;HUC_CODE "HUC_CODE" true true false 16 Text 0 0,First,#,NoSpray_2018E,HUC_CODE,0,16;BUFF_DIST "BUFF_DIST" true true false 8 Double 0 0,First,#,NoSpray_2018E,BUFF_DIST,-1,-1;ORIG_FID "ORIG_FID" true true false 4 Long 0 0,First,#,NoSpray_2018E,ORIG_FID,-1,-1;Acres "Acres" true true false 8 Double 0 0,First,#,NoSpray_2018E,Acres,-1,-1;HECTARES "HECTARES" true true false 8 Double 0 0,First,#,NoSpray_2018E,HECTARES,-1,-1;FR_YR "FR_YR" true true false 2 Short 0 0,First,#,NoSpray_2018E,FR_YR,-1,-1;D_STATUS "D_STATUS" true true false 50 Text 0 0,First,#,NoSpray_2018E,D_STATUS,0,50;SPP_CODE "SPP_CODE" true true false 5 Text 0 0,First,#,NoSpray_2018E,SPP_CODE,0,5;OBJECTID "OBJECTID" true true false 4 Long 0 0,First,#,NoSpray_2018E,OBJECTID,-1,-1;MI "MI" true true false 4 Float 0 0,First,#,NoSpray_2018E,MI,-1,-1;Shape_Length "Shape_Length" false true true 8 Double 0 0,First,#,NoSpray_2018E,Shape_Length,-1,-1,(FEMA),No Spray Zones - PCFO,0,-1;Shape_Area "Shape_Area" false true true 8 Double 0 0,First,#,NoSpray_2018E,Shape_Area,-1,-1,(FEMA),No Spray Zones - PCFO,0,-1;Species "Species" true true false 50 Text 0 0,First,#,(FEMA),No Spray Zones - PCFO,0,50"</Process><Process ToolSource="c:\program files\arcgis\pro\Resources\ArcToolbox\toolboxes\Data Management Tools.tbx\CalculateField" Date="20180706" Time="143528" Name="" export="">CalculateField NoSpray_2018F COMNAME "flatwoods salamander" "Python 3" #</Process><Process ToolSource="c:\program files\arcgis\pro\Resources\ArcToolbox\toolboxes\Data Management Tools.tbx\CalculateField" Date="20180706" Time="143919" Name="" export="">CalculateField NoSpray_2018F COMNAME "wood stork" "Python 3" #</Process><Process ToolSource="c:\program files\arcgis\pro\Resources\ArcToolbox\toolboxes\Data Management Tools.tbx\CalculateField" Date="20180706" Time="144047" Name="" export="">CalculateField NoSpray_2018F COMNAME "wood stork" "Python 3" #</Process><Process ToolSource="c:\program files\arcgis\pro\Resources\ArcToolbox\toolboxes\Data Management Tools.tbx\CalculateField" Date="20180706" Time="144313" Name="" export="">CalculateField NoSpray_2018F COMNAME "wood stork" "Python 3" #</Process><Process ToolSource="c:\program files\arcgis\pro\Resources\ArcToolbox\toolboxes\Data Management Tools.tbx\CalculateField" Date="20180706" Time="144340" Name="" export="">CalculateField NoSpray_2018F COMNAME "wood stork" "Python 3" #</Process><Process ToolSource="c:\program files\arcgis\pro\Resources\ArcToolbox\toolboxes\Data Management Tools.tbx\CalculateField" Date="20180706" Time="144356" Name="" export="">CalculateField NoSpray_2018F COMNAME "wood stork" "Python 3" #</Process><Process ToolSource="c:\program files\arcgis\pro\Resources\ArcToolbox\toolboxes\Data Management Tools.tbx\CalculateField" Date="20180706" Time="144514" Name="" export="">CalculateField NoSpray_2018F COMNAME "wood stork" "Python 3" #</Process><Process ToolSource="c:\program files\arcgis\pro\Resources\ArcToolbox\toolboxes\Data Management Tools.tbx\AddField" Date="20180706" Time="153341" Name="" export="">AddField "CIMDATA=&lt;CIMStandardDataConnection xsi:type='typens:CIMStandardDataConnection' xmlns:xsi='http://www.w3.org/2001/XMLSchema-instance' xmlns:xs='http://www.w3.org/2001/XMLSchema' xmlns:typens='http://www.esri.com/schemas/ArcGIS/2.1.0'&gt;&lt;WorkspaceConnectionString&gt;DATABASE=C:\Users\lambrose\Documents\MyStuff\Projects\FY2018\NoSpray\NoSpray2018.gdb&lt;/WorkspaceConnectionString&gt;&lt;WorkspaceFactory&gt;FileGDB&lt;/WorkspaceFactory&gt;&lt;Dataset&gt;NoSpray_2018F&lt;/Dataset&gt;&lt;DatasetType&gt;esriDTFeatureClass&lt;/DatasetType&gt;&lt;/CIMStandardDataConnection&gt;" Field "Long (large integer)" # # # Field NULLABLE NON_REQUIRED #</Process><Process ToolSource="c:\program files\arcgis\pro\Resources\ArcToolbox\toolboxes\Data Management Tools.tbx\AddField" Date="20180706" Time="153342" Name="" export="">AddField "CIMDATA=&lt;CIMStandardDataConnection xsi:type='typens:CIMStandardDataConnection' xmlns:xsi='http://www.w3.org/2001/XMLSchema-instance' xmlns:xs='http://www.w3.org/2001/XMLSchema' xmlns:typens='http://www.esri.com/schemas/ArcGIS/2.1.0'&gt;&lt;WorkspaceConnectionString&gt;DATABASE=C:\Users\lambrose\Documents\MyStuff\Projects\FY2018\NoSpray\NoSpray2018.gdb&lt;/WorkspaceConnectionString&gt;&lt;WorkspaceFactory&gt;FileGDB&lt;/WorkspaceFactory&gt;&lt;Dataset&gt;NoSpray_2018F&lt;/Dataset&gt;&lt;DatasetType&gt;esriDTFeatureClass&lt;/DatasetType&gt;&lt;/CIMStandardDataConnection&gt;" Source Text # # 100 Source NULLABLE NON_REQUIRED #</Process><Process ToolSource="c:\program files\arcgis\pro\Resources\ArcToolbox\Toolboxes\Data Management Tools.tbx\DeleteField" Date="20180716" Time="154537" Name="" export="">DeleteField NoSpray_2018F SINGLMULTI</Process><Process ToolSource="c:\program files\arcgis\pro\Resources\ArcToolbox\Toolboxes\Data Management Tools.tbx\DeleteField" Date="20180716" Time="154555" Name="" export="">DeleteField NoSpray_2018F SPCODE;VIPCODE</Process><Process ToolSource="c:\program files\arcgis\pro\Resources\ArcToolbox\Toolboxes\Data Management Tools.tbx\DeleteField" Date="20180716" Time="154614" Name="" export="">DeleteField NoSpray_2018F UNIT;UNITNAME</Process><Process ToolSource="c:\program files\arcgis\pro\Resources\ArcToolbox\Toolboxes\Data Management Tools.tbx\DeleteField" Date="20180716" Time="154624" Name="" export="">DeleteField NoSpray_2018F SUBUNIT;SUBUNITNAM</Process><Process ToolSource="c:\program files\arcgis\pro\Resources\ArcToolbox\Toolboxes\Data Management Tools.tbx\DeleteField" Date="20180716" Time="154645" Name="" export="">DeleteField NoSpray_2018F COOPOFFICE;COOPOFMORE</Process><Process ToolSource="c:\program files\arcgis\pro\Resources\ArcToolbox\Toolboxes\Data Management Tools.tbx\DeleteField" Date="20180716" Time="154654" Name="" export="">DeleteField NoSpray_2018F FEDREG;PUBDATE</Process><Process ToolSource="c:\program files\arcgis\pro\Resources\ArcToolbox\Toolboxes\Data Management Tools.tbx\DeleteField" Date="20180716" Time="154702" Name="" export="">DeleteField NoSpray_2018F LEADOFFICE</Process><Process ToolSource="c:\program files\arcgis\pro\Resources\ArcToolbox\Toolboxes\Data Management Tools.tbx\DeleteField" Date="20180716" Time="154858" Name="" export="">DeleteField NoSpray_2018F EFFECTDATE</Process><Process ToolSource="c:\program files\arcgis\pro\Resources\ArcToolbox\Toolboxes\Data Management Tools.tbx\DeleteField" Date="20180716" Time="154906" Name="" export="">DeleteField NoSpray_2018F VACATEDATE;ACCURACY</Process><Process ToolSource="c:\program files\arcgis\pro\Resources\ArcToolbox\Toolboxes\Data Management Tools.tbx\DeleteField" Date="20180716" Time="154936" Name="" export="">DeleteField NoSpray_2018F Km;Miles</Process><Process ToolSource="c:\program files\arcgis\pro\Resources\ArcToolbox\Toolboxes\Data Management Tools.tbx\DeleteField" Date="20180716" Time="154950" Name="" export="">DeleteField NoSpray_2018F UStrmLongX;UStrmLatY;DStrmLongX;DStrmLatY</Process><Process ToolSource="c:\program files\arcgis\pro\Resources\ArcToolbox\Toolboxes\Data Management Tools.tbx\DeleteField" Date="20180716" Time="155021" Name="" export="">DeleteField NoSpray_2018F BASIN;GNIS_NAME</Process><Process ToolSource="c:\program files\arcgis\pro\Resources\ArcToolbox\Toolboxes\Data Management Tools.tbx\DeleteField" Date="20180716" Time="155029" Name="" export="">DeleteField NoSpray_2018F County;State</Process><Process ToolSource="c:\program files\arcgis\pro\Resources\ArcToolbox\Toolboxes\Data Management Tools.tbx\DeleteField" Date="20180716" Time="155037" Name="" export="">DeleteField NoSpray_2018F LGTH_MILES;LNGTH_KM</Process><Process ToolSource="c:\program files\arcgis\pro\Resources\ArcToolbox\Toolboxes\Data Management Tools.tbx\DeleteField" Date="20180716" Time="155053" Name="" export="">DeleteField NoSpray_2018F SUBNITNAM;LENGTH_MET;RIVER_MILE</Process><Process ToolSource="c:\program files\arcgis\pro\Resources\ArcToolbox\Toolboxes\Data Management Tools.tbx\DeleteField" Date="20180716" Time="155113" Name="" export="">DeleteField NoSpray_2018F HUC_CODE</Process><Process ToolSource="c:\program files\arcgis\pro\Resources\ArcToolbox\Toolboxes\Data Management Tools.tbx\DeleteField" Date="20180716" Time="155121" Name="" export="">DeleteField NoSpray_2018F ORIG_FID</Process><Process ToolSource="c:\program files\arcgis\pro\Resources\ArcToolbox\Toolboxes\Data Management Tools.tbx\DeleteField" Date="20180716" Time="155149" Name="" export="">DeleteField NoSpray_2018F SPP_CODE;OBJECTID</Process><Process ToolSource="c:\program files\arcgis\pro\Resources\ArcToolbox\Toolboxes\Data Management Tools.tbx\DeleteField" Date="20180716" Time="155233" Name="" export="">DeleteField NoSpray_2018F D_STATUS</Process><Process ToolSource="c:\program files\arcgis\pro\Resources\ArcToolbox\Toolboxes\Data Management Tools.tbx\DeleteField" Date="20180716" Time="155240" Name="" export="">DeleteField NoSpray_2018F MI</Process><Process ToolSource="c:\program files\arcgis\pro\Resources\ArcToolbox\Toolboxes\Data Management Tools.tbx\DeleteField" Date="20180716" Time="155253" Name="" export="">DeleteField NoSpray_2018F FR_YR</Process><Process ToolSource="c:\program files\arcgis\pro\Resources\ArcToolbox\Toolboxes\Data Management Tools.tbx\DeleteField" Date="20180716" Time="155605" Name="" export="">DeleteField NoSpray_2018F BUFF_DIST</Process><Process ToolSource="c:\program files\arcgis\pro\Resources\ArcToolbox\Toolboxes\Data Management Tools.tbx\DeleteField" Date="20180716" Time="155632" Name="" export="">DeleteField NoSpray_2018F Field</Process><Process ToolSource="c:\program files\arcgis\pro\Resources\ArcToolbox\toolboxes\Data Management Tools.tbx\CalculateField" Date="20180718" Time="134457" Name="" export="">CalculateField NoSpray_2018F Source "CH 500 foot buffer" "Python 3" #</Process><Process ToolSource="c:\program files\arcgis\pro\Resources\ArcToolbox\toolboxes\Data Management Tools.tbx\CalculateField" Date="20180718" Time="134847" Name="" export="">CalculateField NoSpray_2018F Source "Linear CH, 500 foot buffer" "Python 3" #</Process><Process ToolSource="c:\program files\arcgis\pro\Resources\ArcToolbox\toolboxes\Data Management Tools.tbx\CalculateField" Date="20180718" Time="135014" Name="" export="">CalculateField NoSpray_2018F Source "Critical Habitat" "Python 3" #</Process><Process ToolSource="c:\program files\arcgis\pro\Resources\ArcToolbox\toolboxes\Data Management Tools.tbx\CalculateField" Date="20180718" Time="135208" Name="" export="">CalculateField NoSpray_2018F Source "Linear Critical Habitat, 500 foot buffer" "Python 3" #</Process><Process ToolSource="c:\program files\arcgis\pro\Resources\ArcToolbox\toolboxes\Data Management Tools.tbx\CalculateField" Date="20180718" Time="144606" Name="" export="">CalculateField NoSpray_2018F COMNAME "Gulf sturgeon" "Python 3" #</Process><Process ToolSource="c:\program files\arcgis\pro\Resources\ArcToolbox\toolboxes\Data Management Tools.tbx\CalculateField" Date="20180718" Time="144833" Name="" export="">CalculateField NoSpray_2018F COMNAME "Gulf sturgeon" "Python 3" #</Process><Process ToolSource="c:\program files\arcgis\pro\Resources\ArcToolbox\toolboxes\Data Management Tools.tbx\CalculateField" Date="20180718" Time="145330" Name="" export="">CalculateField NoSpray_2018F SCINAME "Charadrius melodus" "Python 3" #</Process><Process ToolSource="c:\program files\arcgis\pro\Resources\ArcToolbox\toolboxes\Data Management Tools.tbx\CalculateField" Date="20180718" Time="145420" Name="" export="">CalculateField NoSpray_2018F SCINAME "Mycteria americana" "Python 3" #</Process><Process ToolSource="c:\program files\arcgis\pro\Resources\ArcToolbox\toolboxes\Data Management Tools.tbx\CalculateField" Date="20180718" Time="145659" Name="" export="">CalculateField NoSpray_2018F STATUS "Threatened" "Python 3" #</Process><Process ToolSource="c:\program files\arcgis\pro\Resources\ArcToolbox\toolboxes\Data Management Tools.tbx\CalculateField" Date="20180718" Time="150416" Name="" export="">CalculateField NoSpray_2018F STATUS "Endangered" "Python 3" #</Process><Process ToolSource="c:\program files\arcgis\pro\Resources\ArcToolbox\toolboxes\Data Management Tools.tbx\CalculateField" Date="20180718" Time="151226" Name="" export="">CalculateField NoSpray_2018F COMNAME "Frosted flatwoods salamander/Reticulated flatwoods salamander" "Python 3" #</Process><Process ToolSource="c:\program files\arcgis\pro\Resources\ArcToolbox\toolboxes\Data Management Tools.tbx\CalculateField" Date="20180719" Time="125356" Name="" export="">CalculateField NoSpray_2018F STATUS "E" "Python 3" #</Process><Process ToolSource="c:\program files\arcgis\pro\Resources\ArcToolbox\toolboxes\Data Management Tools.tbx\CalculateField" Date="20180719" Time="125430" Name="" export="">CalculateField NoSpray_2018F STATUS "Endangered" "Python 3" #</Process><Process ToolSource="c:\program files\arcgis\pro\Resources\ArcToolbox\toolboxes\Data Management Tools.tbx\CalculateField" Date="20180719" Time="125608" Name="" export="">CalculateField NoSpray_2018F STATUS "E/T" "Python 3" #</Process><Process ToolSource="c:\program files\arcgis\pro\Resources\ArcToolbox\toolboxes\Data Management Tools.tbx\CalculateField" Date="20180719" Time="125723" Name="" export="">CalculateField NoSpray_2018F STATUS "E/T" "Python 3" #</Process><Process ToolSource="c:\program files\arcgis\pro\Resources\ArcToolbox\toolboxes\Data Management Tools.tbx\CalculateField" Date="20180719" Time="125903" Name="" export="">CalculateField NoSpray_2018F STATUS "E/T" "Python 3" #</Process><Process ToolSource="c:\program files\arcgis\pro\Resources\ArcToolbox\toolboxes\Data Management Tools.tbx\CalculateField" Date="20180719" Time="130005" Name="" export="">CalculateField NoSpray_2018F STATUS "E/T" "Python 3" #</Process><Process ToolSource="c:\program files\arcgis\pro\Resources\ArcToolbox\toolboxes\Data Management Tools.tbx\CalculateField" Date="20180719" Time="130100" Name="" export="">CalculateField NoSpray_2018F STATUS "Threatened" "Python 3" #</Process><Process ToolSource="c:\program files\arcgis\pro\Resources\ArcToolbox\toolboxes\Data Management Tools.tbx\CalculateField" Date="20180719" Time="130229" Name="" export="">CalculateField NoSpray_2018F STATUS "Endangered" "Python 3" #</Process><Process ToolSource="c:\program files\arcgis\pro\Resources\ArcToolbox\toolboxes\Data Management Tools.tbx\CalculateField" Date="20180719" Time="130341" Name="" export="">CalculateField NoSpray_2018F STATUS "Threatened" "Python 3" #</Process><Process ToolSource="c:\program files\arcgis\pro\Resources\ArcToolbox\toolboxes\Data Management Tools.tbx\CalculateField" Date="20180719" Time="130709" Name="" export="">CalculateField NoSpray_2018F STATUS "Threatened" "Python 3" #</Process><Process ToolSource="c:\program files\arcgis\pro\Resources\ArcToolbox\toolboxes\Data Management Tools.tbx\CalculateField" Date="20180719" Time="130921" Name="" export="">CalculateField NoSpray_2018F STATUS "E/T" "Python 3" #</Process><Process ToolSource="c:\program files\arcgis\pro\Resources\ArcToolbox\toolboxes\Data Management Tools.tbx\CalculateField" Date="20180719" Time="132014" Name="" export="">CalculateField NoSpray_2018F STATUS "Endangered" "Python 3" #</Process><Process ToolSource="c:\program files\arcgis\pro\Resources\ArcToolbox\toolboxes\Data Management Tools.tbx\CalculateField" Date="20180719" Time="132432" Name="" export="">CalculateField NoSpray_2018F STATUS "Endangered" "Python 3" #</Process><Process ToolSource="c:\program files\arcgis\pro\Resources\ArcToolbox\toolboxes\Data Management Tools.tbx\CalculateField" Date="20180719" Time="133003" Name="" export="">CalculateField NoSpray_2018F STATUS "E/T" "Python 3" #</Process><Process ToolSource="c:\program files\arcgis\pro\Resources\ArcToolbox\toolboxes\Data Management Tools.tbx\CalculateField" Date="20180719" Time="133220" Name="" export="">CalculateField NoSpray_2018F STATUS "Area of concern (from PCFO)" "Python 3" #</Process><Process ToolSource="c:\program files\arcgis\pro\Resources\ArcToolbox\toolboxes\Data Management Tools.tbx\CalculateField" Date="20180719" Time="133240" Name="" export="">CalculateField NoSpray_2018F STATUS "Area of concern (from PCFO)" "Python 3" #</Process><Process ToolSource="c:\program files\arcgis\pro\Resources\ArcToolbox\toolboxes\Data Management Tools.tbx\CalculateField" Date="20180719" Time="133255" Name="" export="">CalculateField NoSpray_2018F Source "Area of concern (from PCFO)" "Python 3" #</Process><Process ToolSource="c:\program files\arcgis\pro\Resources\ArcToolbox\toolboxes\Data Management Tools.tbx\CalculateField" Date="20180719" Time="133444" Name="" export="">CalculateField NoSpray_2018F Source "Area of concern (from PCFO)" "Python 3" #</Process><Process ToolSource="c:\program files\arcgis\pro\Resources\ArcToolbox\toolboxes\Data Management Tools.tbx\CalculateField" Date="20180719" Time="133732" Name="" export="">CalculateField NoSpray_2018F STATUS "Threatened" "Python 3" #</Process><Process ToolSource="c:\program files\arcgis\pro\Resources\ArcToolbox\toolboxes\Data Management Tools.tbx\CalculateField" Date="20180719" Time="133805" Name="" export="">CalculateField NoSpray_2018F SCINAME "Ambystoma cingulatum" "Python 3" #</Process><Process ToolSource="c:\program files\arcgis\pro\Resources\ArcToolbox\toolboxes\Data Management Tools.tbx\CalculateField" Date="20180719" Time="133934" Name="" export="">CalculateField NoSpray_2018F COMNAME "Frosted flatwoods salamander" "Python 3" #</Process><Process ToolSource="c:\program files\arcgis\pro\Resources\ArcToolbox\toolboxes\Data Management Tools.tbx\CalculateField" Date="20180719" Time="134056" Name="" export="">CalculateField NoSpray_2018F COMNAME "Reticulated flatwoods salamander" "Python 3" #</Process><Process ToolSource="c:\program files\arcgis\pro\Resources\ArcToolbox\toolboxes\Data Management Tools.tbx\CalculateField" Date="20180719" Time="134132" Name="" export="">CalculateField NoSpray_2018F SCINAME "Ambystoma bishopi" "Python 3" #</Process><Process ToolSource="c:\program files\arcgis\pro\Resources\ArcToolbox\toolboxes\Data Management Tools.tbx\CalculateField" Date="20180719" Time="134202" Name="" export="">CalculateField NoSpray_2018F STATUS "Endangered" "Python 3" #</Process><Process ToolSource="c:\program files\arcgis\pro\Resources\ArcToolbox\toolboxes\Data Management Tools.tbx\CalculateField" Date="20180719" Time="140348" Name="" export="">CalculateField NoSpray_2018F SCINAME "Ambystoma bishopi" "Python 3" #</Process><Process ToolSource="c:\program files\arcgis\pro\Resources\ArcToolbox\toolboxes\Data Management Tools.tbx\CalculateField" Date="20180719" Time="140409" Name="" export="">CalculateField NoSpray_2018F STATUS "Endangered" "Python 3" #</Process><Process ToolSource="c:\program files\arcgis\pro\Resources\ArcToolbox\toolboxes\Data Management Tools.tbx\DeleteField" Date="20180719" Time="141915" Name="" export="">DeleteField NoSpray_2018F SOURCETHM</Process><Process ToolSource="c:\program files\arcgis\pro\Resources\ArcToolbox\toolboxes\Data Management Tools.tbx\DeleteField" Date="20180719" Time="141921" Name="" export="">DeleteField NoSpray_2018F Acres</Process><Process ToolSource="c:\program files\arcgis\pro\Resources\ArcToolbox\toolboxes\Data Management Tools.tbx\DeleteField" Date="20180719" Time="141926" Name="" export="">DeleteField NoSpray_2018F HECTARES</Process><Process ToolSource="c:\program files\arcgis\pro\Resources\ArcToolbox\toolboxes\Data Management Tools.tbx\DeleteField" Date="20180719" Time="145902" Name="" export="">DeleteField "CIMDATA=&lt;CIMStandardDataConnection xsi:type='typens:CIMStandardDataConnection' xmlns:xsi='http://www.w3.org/2001/XMLSchema-instance' xmlns:xs='http://www.w3.org/2001/XMLSchema' xmlns:typens='http://www.esri.com/schemas/ArcGIS/2.1.0'&gt;&lt;WorkspaceConnectionString&gt;DATABASE=C:\Users\lambrose\Documents\MyStuff\Projects\FY2018\NoSpray\NoSpray2018.gdb&lt;/WorkspaceConnectionString&gt;&lt;WorkspaceFactory&gt;FileGDB&lt;/WorkspaceFactory&gt;&lt;Dataset&gt;NoSpray_2018F&lt;/Dataset&gt;&lt;DatasetType&gt;esriDTFeatureClass&lt;/DatasetType&gt;&lt;/CIMStandardDataConnection&gt;" Species</Process><Process ToolSource="c:\program files\arcgis\pro\Resources\ArcToolbox\toolboxes\Data Management Tools.tbx\AlterField" Date="20180719" Time="145903" Name="" export="">AlterField "CIMDATA=&lt;CIMStandardDataConnection xsi:type='typens:CIMStandardDataConnection' xmlns:xsi='http://www.w3.org/2001/XMLSchema-instance' xmlns:xs='http://www.w3.org/2001/XMLSchema' xmlns:typens='http://www.esri.com/schemas/ArcGIS/2.1.0'&gt;&lt;WorkspaceConnectionString&gt;DATABASE=C:\Users\lambrose\Documents\MyStuff\Projects\FY2018\NoSpray\NoSpray2018.gdb&lt;/WorkspaceConnectionString&gt;&lt;WorkspaceFactory&gt;FileGDB&lt;/WorkspaceFactory&gt;&lt;Dataset&gt;NoSpray_2018F&lt;/Dataset&gt;&lt;DatasetType&gt;esriDTFeatureClass&lt;/DatasetType&gt;&lt;/CIMStandardDataConnection&gt;" COMNAME Species_ComName # Text 200 NULLABLE false</Process><Process ToolSource="c:\program files\arcgis\pro\Resources\ArcToolbox\toolboxes\Data Management Tools.tbx\AlterField" Date="20180719" Time="145903" Name="" export="">AlterField "CIMDATA=&lt;CIMStandardDataConnection xsi:type='typens:CIMStandardDataConnection' xmlns:xsi='http://www.w3.org/2001/XMLSchema-instance' xmlns:xs='http://www.w3.org/2001/XMLSchema' xmlns:typens='http://www.esri.com/schemas/ArcGIS/2.1.0'&gt;&lt;WorkspaceConnectionString&gt;DATABASE=C:\Users\lambrose\Documents\MyStuff\Projects\FY2018\NoSpray\NoSpray2018.gdb&lt;/WorkspaceConnectionString&gt;&lt;WorkspaceFactory&gt;FileGDB&lt;/WorkspaceFactory&gt;&lt;Dataset&gt;NoSpray_2018F&lt;/Dataset&gt;&lt;DatasetType&gt;esriDTFeatureClass&lt;/DatasetType&gt;&lt;/CIMStandardDataConnection&gt;" SCINAME Species_SciName # Text 200 NULLABLE false</Process><Process ToolSource="c:\program files\arcgis\pro\Resources\ArcToolbox\toolboxes\Data Management Tools.tbx\AlterField" Date="20180719" Time="145904" Name="" export="">AlterField "CIMDATA=&lt;CIMStandardDataConnection xsi:type='typens:CIMStandardDataConnection' xmlns:xsi='http://www.w3.org/2001/XMLSchema-instance' xmlns:xs='http://www.w3.org/2001/XMLSchema' xmlns:typens='http://www.esri.com/schemas/ArcGIS/2.1.0'&gt;&lt;WorkspaceConnectionString&gt;DATABASE=C:\Users\lambrose\Documents\MyStuff\Projects\FY2018\NoSpray\NoSpray2018.gdb&lt;/WorkspaceConnectionString&gt;&lt;WorkspaceFactory&gt;FileGDB&lt;/WorkspaceFactory&gt;&lt;Dataset&gt;NoSpray_2018F&lt;/Dataset&gt;&lt;DatasetType&gt;esriDTFeatureClass&lt;/DatasetType&gt;&lt;/CIMStandardDataConnection&gt;" STATUS Status # Text 10 NULLABLE false</Process><Process ToolSource="c:\program files\arcgis\pro\Resources\ArcToolbox\toolboxes\Data Management Tools.tbx\AlterField" Date="20180719" Time="150022" Name="" export="">AlterField "CIMDATA=&lt;CIMStandardDataConnection xsi:type='typens:CIMStandardDataConnection' xmlns:xsi='http://www.w3.org/2001/XMLSchema-instance' xmlns:xs='http://www.w3.org/2001/XMLSchema' xmlns:typens='http://www.esri.com/schemas/ArcGIS/2.1.0'&gt;&lt;WorkspaceConnectionString&gt;DATABASE=C:\Users\lambrose\Documents\MyStuff\Projects\FY2018\NoSpray\NoSpray2018.gdb&lt;/WorkspaceConnectionString&gt;&lt;WorkspaceFactory&gt;FileGDB&lt;/WorkspaceFactory&gt;&lt;Dataset&gt;NoSpray_2018F&lt;/Dataset&gt;&lt;DatasetType&gt;esriDTFeatureClass&lt;/DatasetType&gt;&lt;/CIMStandardDataConnection&gt;" STATUS # # Text 50 NULLABLE false</Process><Process ToolSource="c:\program files (x86)\arcgis\desktop10.5\ArcToolbox\Toolboxes\Data Management Tools.tbx\Project" Date="20180726" Time="143029">Project X:\GIS_DATA\Boundaries\Boundaries.gdb\NoSprayZones_PCFO C:\Users\lambrose\Documents\MyStuff\Projects\FY2018\NoSpray\NoSprayZones_PCFO.shp GEOGCS['GCS_WGS_1984',DATUM['D_WGS_1984',SPHEROID['WGS_1984',6378137.0,298.257223563]],PRIMEM['Greenwich',0.0],UNIT['Degree',0.0174532925199433]] WGS_1984_(ITRF00)_To_NAD_1983 PROJCS['NAD_1983_Florida_GDL_Albers',GEOGCS['GCS_North_American_1983',DATUM['D_North_American_1983',SPHEROID['GRS_1980',6378137.0,298.257222101]],PRIMEM['Greenwich',0.0],UNIT['Degree',0.0174532925199433]],PROJECTION['Albers'],PARAMETER['False_Easting',400000.0],PARAMETER['False_Northing',0.0],PARAMETER['Central_Meridian',-84.0],PARAMETER['Standard_Parallel_1',24.0],PARAMETER['Standard_Parallel_2',31.5],PARAMETER['Latitude_Of_Origin',24.0],UNIT['Meter',1.0]] NO_PRESERVE_SHAPE # NO_VERTICAL</Process></lineage></DataProperties><SyncDate>20180726</SyncDate><SyncTime>14313600</SyncTime><scaleRange><minScale>150000000</minScale><maxScale>5000</maxScale></scaleRange></Esri><mdLang><languageCode value="eng"/><countryCode value="USA"/></mdLang><mdChar><CharSetCd value="004"/></mdChar><mdHrLv><ScopeCd value="005"/></mdHrLv><mdHrLvName Sync="TRUE">dataset</mdHrLvName><mdContact><rpIndName>Lydia Ambrose</rpIndName><rpOrgName>USFWS</rpOrgName><rpPosName>GIS Specialist</rpPosName><role><RoleCd value="007"/></role><rpCntInfo><cntAddress><delPoint>1601 Balboa Ave</delPoint><city>Panama City</city><adminArea>Florida</adminArea><postCode>32401</postCode><eMailAdd>lydia_ambrose@fws.gov</eMailAdd></cntAddress><cntPhone><voiceNum>850-769-0552</voiceNum></cntPhone></rpCntInfo></mdContact><mdDateSt Sync="TRUE">20180726</mdDateSt><distInfo xmlns=""><distributor xmlns=""><distorTran><onLineSrc><orDesc>002</orDesc><linkage>file://\\Igsarchwasfws22\FWS_MGD\Data_extraction\Multiple_State_Extraction\FGD_creation_output\FL_wetlands.gdb</linkage><protocol>Local Area Network</protocol></onLineSrc></distorTran><distorFormat><formatName>File Geodatabase Feature Class</formatName></distorFormat></distributor><distFormat xmlns=""><formatName Sync="TRUE">Shapefile</formatName></distFormat><distTranOps xmlns=""><transSize>157.678</transSize></distTranOps></distInfo><dataIdInfo><envirDesc Sync="TRUE"> Version 6.2 (Build 9200) ; Esri ArcGIS 10.5.1.7333</envirDesc><dataLang><languageCode value="eng" country="USA"/><countryCode value="USA"/></dataLang><idCitation><presForm><PresFormCd value="005"/></presForm><resTitle Sync="FALSE">(FEMA) No Spray Zones - PCFO</resTitle></idCitation><spatRpType><SpatRepTypCd value="001"/></spatRpType><dataExt xmlns=""><geoEle xmlns=""><GeoBndBox esriExtentType="search"><westBL Sync="TRUE">-87.553455</westBL><eastBL Sync="TRUE">-82.179769</eastBL><northBL Sync="TRUE">33.424785</northBL><southBL Sync="TRUE">29.278103</southBL><exTypeCode>1</exTypeCode></GeoBndBox></geoEle></dataExt><geoBox esriExtentType="decdegrees"><westBL>-127.982503</westBL><eastBL>-65.272195</eastBL><northBL>51.611788</northBL><southBL>22.725718</southBL><exTypeCode>1</exTypeCode></geoBox><idPurp>This data set represents areas that should be protected from aerial spraying operations for mosquito control within the USFWS Panama City Field Office service area (Escambia county to Jefferson county in northwest Florida).  It includes sensitive areas for the Panama City crayfish, wood stork, piping plover, 2 species of flatwoods salamander, 3 species of beach mouse, 16 species of freshwater mussels, and Gulf sturgeon.  Last updated July 2018.</idPurp><idAbs>&lt;DIV STYLE="text-align:Left;"&gt;&lt;DIV&gt;&lt;DIV&gt;&lt;P&gt;&lt;SPAN&gt;The no spray layer from the Panama City Field Office consists of critical habitat for the following species: reticulated flatwoods salamander, frosted flatwoods salamander, piping plover, St. Andrew beach mouse, Perdido Key beach mouse, and Choctawhatchee beach mouse. The no spray layer also includes a 500 foot buffer of streams identified as critical habitat for the following species: Gulf sturgeon, fat threeridge, purple bankclimber, shinyrayed pocketbook, Gulf moccasinshell, oval pigtoe, Alabama pearlshell, round ebonyshell, southern sandshell, southern kidneyshell, choctaw bean, narrow pigtoe, fuzzy pigtoe, tapered pigtoe, Chipola slabshell, Ochlockonee moccasinshell. And finally, the no spray layer includes areas identified as important for wood stork, reticulated flatwoods salamander, frosted flatwoods salamander, and Suwannee moccasinshell (500 foot buffer of stream). &lt;/SPAN&gt;&lt;/P&gt;&lt;/DIV&gt;&lt;/DIV&gt;&lt;/DIV&gt;</idAbs><searchKeys><keyword>FEMA</keyword><keyword>mosquito</keyword><keyword>no spray zones</keyword><keyword>emergency consultation</keyword><keyword>aquatic</keyword><keyword>wetland</keyword><keyword>sensitive areas</keyword><keyword>Panama City crayfish</keyword><keyword>wood stork</keyword><keyword>piping plover</keyword><keyword>reticulated flatwoods salamander</keyword><keyword>frosted flatwoods salamander</keyword><keyword>Gulf sturgeon</keyword><keyword>St. Andrew beach mouse</keyword><keyword>Perdido Key beach mouse</keyword><keyword>Choctawhatchee beach mouse</keyword><keyword>Alabama Pearlshell</keyword><keyword>round ebonyshell</keyword><keyword>southern sandshell</keyword><keyword>southern kidneyshell</keyword><keyword>choctaw bean</keyword><keyword>tapered Pigtoe</keyword><keyword>narrow pigtoe</keyword><keyword>fuzzy pigtoe</keyword><keyword>oval pigtoe</keyword><keyword>fat threeridge</keyword><keyword>purple bankclimber</keyword><keyword>Chipola slabshell</keyword><keyword>shinyrayed pocketbook</keyword><keyword>Gulf moccasinshell</keyword><keyword>Suwannee moccasinshell</keyword><keyword>Ochlockonee moccasinshell</keyword></searchKeys><resConst><Consts xmlns=""><useLimit>&lt;DIV STYLE="text-align:Left;"&gt;&lt;DIV&gt;&lt;DIV&gt;&lt;P&gt;&lt;SPAN&gt;Intended for FEMA use in determining areas to be restricted during mosquito spraying operations.&lt;/SPAN&gt;&lt;/P&gt;&lt;/DIV&gt;&lt;/DIV&gt;&lt;/DIV&gt;</useLimit></Consts></resConst><idCredit>USFWS</idCredit><dataChar><CharSetCd value="004"/></dataChar><idPoC xmlns=""><rpIndName>Lydia Ambrose</rpIndName><rpOrgName>USFWS</rpOrgName><rpPosName>GIS Specialist</rpPosName><role><RoleCd value="007"/></role><rpCntInfo xmlns=""><cntAddress addressType="both"><delPoint>1601 Balboa Ave</delPoint><city>Panama City</city><adminArea>Florida</adminArea><postCode>32401</postCode><eMailAdd>lydia_ambrose@fws.gov</eMailAdd></cntAddress><cntPhone><voiceNum tddtty="">850-769-0552</voiceNum></cntPhone></rpCntInfo><displayName>Lydia Ambrose</displayName></idPoC><resMaint xmlns=""><maintFreq><MaintFreqCd value="009"/></maintFreq><maintCont xmlns=""><rpIndName>Lydia Ambrose</rpIndName><rpOrgName>USFWS</rpOrgName><rpPosName>GIS Specialist</rpPosName><role><RoleCd value="007"/></role><rpCntInfo xmlns=""><cntAddress addressType="both"><delPoint>1601 Balboa Ave</delPoint><city>Panama City</city><adminArea>Florida</adminArea><postCode>32401</postCode><eMailAdd>lydia_ambrose@fws.gov</eMailAdd></cntAddress><cntPhone><voiceNum tddtty="">850-769-0552</voiceNum></cntPhone></rpCntInfo><displayName>Lydia Ambrose</displayName><displayName>Lydia Ambrose</displayName></maintCont></resMaint><tpCat><TopicCatCd value="002"/></tpCat><tpCat><TopicCatCd value="007"/></tpCat></dataIdInfo><mdMaint xmlns=""><maintFreq><MaintFreqCd value="009"/></maintFreq><maintCont xmlns=""><rpIndName>Lydia Ambrose</rpIndName><rpOrgName>USFWS</rpOrgName><rpPosName>GIS Specialist</rpPosName><role><RoleCd value="007"/></role><rpCntInfo xmlns=""><cntAddress addressType="both"><delPoint>1601 Balboa Ave</delPoint><city>Panama City</city><adminArea>Florida</adminArea><postCode>32401</postCode><eMailAdd>lydia_ambrose@fws.gov</eMailAdd></cntAddress><cntPhone><voiceNum tddtty="">850-769-0552</voiceNum></cntPhone></rpCntInfo><displayName>Lydia Ambrose</displayName></maintCont></mdMaint><dqInfo xmlns=""><dataLineage><statement>Original file was created in 2013 for FEMA no-spray zones by Gayle Martin.  Panama city crayfish habitat, important wetlands for wood storks, and critical habitat for the flatwoods salamander were combined into one shapefile.</statement><prcStep xmlns=""><stepDesc>The "no-spray" areas include 1) all critical habitat (riverine and terrestrial) for our service area, 2) 500' buffer of riverine CH,  3) the "no-spray" data originally created in 2013 which includes wood stork, flatwood salamanders, and Panama city crayfish, and 4) Suwannee moccasinshell habitat.   

In July 2018, decided to combine all 4 indicators listed above instead of telling FEMA to use the no spray layer Plus critical habitat for our service area.  Used ArcGIS Pro.  </stepDesc><stepDateTm>2018-07-19T00:00:00</stepDateTm><stepProc xmlns=""><rpIndName>Lydia Ambrose</rpIndName><rpOrgName>USFWS</rpOrgName><rpPosName>GIS Specialist</rpPosName><role><RoleCd value="007"/></role><rpCntInfo xmlns=""><cntAddress addressType="both"><delPoint>1601 Balboa Ave</delPoint><city>Panama City</city><adminArea>Florida</adminArea><postCode>32401</postCode><eMailAdd>lydia_ambrose@fws.gov</eMailAdd></cntAddress><cntPhone><voiceNum tddtty="">850-769-0552</voiceNum></cntPhone></rpCntInfo><displayName>Lydia Ambrose</displayName></stepProc></prcStep></dataLineage></dqInfo><refSysInfo><RefSystem><refSysID><identCode code="3087">NAD_1983_Albers</identCode><idCodeSpace Sync="TRUE">EPSG</idCodeSpace><idVersion Sync="TRUE">6.14(3.0.1)</idVersion></refSysID></RefSystem></refSysInfo><eainfo><detailed Name="NoSprayZones_PCFO" xmlns=""><enttyp><enttypl Sync="TRUE">NoSprayZones_PCFO</enttypl><enttypd>Reference:  Cowardin et al. 1979</enttypd><enttypds>U.S. Fish and Wildlife Service</enttypds><enttypt Sync="TRUE">Feature Class</enttypt><enttypc Sync="TRUE">344</enttypc></enttyp><attr><attrlabl Sync="TRUE">FID</attrlabl><attalias Sync="TRUE">FID</attalias><attrtype Sync="TRUE">OID</attrtype><attwidth Sync="TRUE">4</attwidth><atprecis Sync="TRUE">0</atprecis><attscale Sync="TRUE">0</attscale><attrdef Sync="TRUE">Internal feature number.</attrdef><attrdefs Sync="TRUE">Esri</attrdefs><attrdomv><udom Sync="TRUE">Sequential unique whole numbers that are automatically generated.</udom></attrdomv></attr><attr xmlns=""><attrlabl Sync="TRUE">OBJECTID_1</attrlabl><attalias Sync="TRUE">OBJECTID_1</attalias><attrtype Sync="TRUE">Integer</attrtype><attwidth Sync="TRUE">10</attwidth><atprecis Sync="TRUE">10</atprecis><attscale Sync="TRUE">0</attscale><attrdef Sync="TRUE">Internal feature number.</attrdef><attrdefs Sync="TRUE">Esri</attrdefs><attrdomv><udom Sync="TRUE">Sequential unique whole numbers that are automatically generated.</udom></attrdomv></attr><attr xmlns=""><attrlabl>SHAPE</attrlabl><attrdef>Feature geometry.</attrdef><attrdefs>ESRI</attrdefs><attrdomv><udom>Coordinates defining the features.</udom></attrdomv><attalias Sync="TRUE">Shape</attalias><attrtype Sync="TRUE">Geometry</attrtype><attwidth Sync="TRUE">0</attwidth><atprecis Sync="TRUE">0</atprecis><attscale Sync="TRUE">0</attscale></attr><attr><attrlabl Sync="TRUE">Species_Co</attrlabl><attalias Sync="TRUE">Species_Co</attalias><attrtype Sync="TRUE">String</attrtype><attwidth Sync="TRUE">200</attwidth><atprecis Sync="TRUE">0</atprecis><attscale Sync="TRUE">0</attscale></attr><attr><attrlabl Sync="TRUE">Species_Sc</attrlabl><attalias Sync="TRUE">Species_Sc</attalias><attrtype Sync="TRUE">String</attrtype><attwidth Sync="TRUE">200</attwidth><atprecis Sync="TRUE">0</atprecis><attscale Sync="TRUE">0</attscale></attr><attr xmlns=""><attrlabl Sync="TRUE">STATUS</attrlabl><attalias Sync="FALSE">Status</attalias><attrtype Sync="TRUE">String</attrtype><attwidth Sync="TRUE">10</attwidth><atprecis Sync="TRUE">0</atprecis><attscale Sync="TRUE">0</attscale><attrdef>Listing status of species being protected: Endangered, Threatened, E/T, Proposed T(hreatened). </attrdef><attrdefs>USFWS</attrdefs></attr><attr xmlns=""><attrlabl Sync="TRUE">Shape_Area</attrlabl><attalias Sync="TRUE">Shape_Area</attalias><attrtype Sync="TRUE">Double</attrtype><attwidth Sync="TRUE">19</attwidth><atprecis Sync="TRUE">0</atprecis><attscale Sync="TRUE">0</attscale><attrdef Sync="TRUE">Area of feature in internal units squared.</attrdef><attrdefs Sync="TRUE">Esri</attrdefs><attrdomv><udom Sync="TRUE">Positive real numbers that are automatically generated.</udom></attrdomv></attr><attr><attrlabl Sync="TRUE">Shape_Leng</attrlabl><attalias Sync="TRUE">Shape_Leng</attalias><attrtype Sync="TRUE">Double</attrtype><attwidth Sync="TRUE">19</attwidth><atprecis Sync="TRUE">0</atprecis><attscale Sync="TRUE">0</attscale></attr><attr xmlns=""><attrlabl Sync="TRUE">Source</attrlabl><attalias Sync="TRUE">Source</attalias><attrtype Sync="TRUE">String</attrtype><attwidth Sync="TRUE">100</attwidth><atprecis Sync="TRUE">0</atprecis><attscale Sync="TRUE">0</attscale><attrdef>The rationale for inclusion in the no-spray layer.  </attrdef><attrdefs>USFWS</attrdefs></attr></detailed></eainfo><spatRepInfo><VectSpatRep><geometObjs Name="NoSprayZones_PCFO"><geoObjTyp><GeoObjTypCd value="002" Sync="TRUE"></GeoObjTypCd></geoObjTyp><geoObjCnt Sync="TRUE">344</geoObjCnt></geometObjs><topLvl><TopoLevCd value="001" Sync="TRUE"></TopoLevCd></topLvl></VectSpatRep></spatRepInfo><spdoinfo><ptvctinf><esriterm Name="NoSprayZones_PCFO"><efeatyp Sync="TRUE">Simple</efeatyp><efeageom code="4" Sync="TRUE"></efeageom><esritopo Sync="TRUE">FALSE</esritopo><efeacnt Sync="TRUE">344</efeacnt><spindex Sync="TRUE">TRUE</spindex><linrefer Sync="TRUE">FALSE</linrefer></esriterm></ptvctinf></spdoinfo></metadata>
